[
{
    "model": "auth.user",
    "pk": 1,
    "fields": {
        "password": "!cQE1bRNs6aswwr0NaOs53r0IQG5Gz9QJkUJRKmzx",
        "last_login": null,
        "is_superuser": false,
        "username": "AnonymousUser",
        "first_name": "",
        "last_name": "",
        "email": "",
        "is_staff": false,
        "is_active": true,
        "date_joined": "2018-05-09T11:05:21.551Z",
        "groups": [],
        "user_permissions": []
    }
},
{
    "model": "auth.user",
    "pk": 2,
    "fields": {
        "password": "pbkdf2_sha256$100000$0M1WmWPKDcRZ$ANZ9mDa01/cWHHRh/o3SepheQfjL8t3VYAKvVN9uYzk=",
        "last_login": "2018-06-29T06:38:09.261Z",
        "is_superuser": true,
        "username": "dreglad",
        "first_name": "",
        "last_name": "",
        "email": "dreglad@gmail.com",
        "is_staff": true,
        "is_active": true,
        "date_joined": "2018-06-29T06:38:00.338Z",
        "groups": [],
        "user_permissions": []
    }
},
{
    "model": "auth.user",
    "pk": 3,
    "fields": {
        "password": "pbkdf2_sha256$100000$6LcVC1VGyBUw$LVNgqh1Z98og+uZLQsdVVM3sY6IwhfT4DHedj+xhLf8=",
        "last_login": "2018-09-28T22:59:57Z",
        "is_superuser": true,
        "username": "admin",
        "first_name": "",
        "last_name": "",
        "email": "admin@omedia.io",
        "is_staff": true,
        "is_active": true,
        "date_joined": "2018-07-27T00:38:30Z",
        "groups": [],
        "user_permissions": []
    }
},
{
    "model": "dvr.stream",
    "pk": 1,
    "fields": {
        "created_at": "2018-05-09T11:16:11.584Z",
        "created_by": null,
        "modified_at": "2018-06-29T18:30:28.223Z",
        "modified_by": null,
        "metadata": "{\"frontendVersion\": \"0.3.14\", \"wseStreamingUrl\": \"https://wsedvr.openmultimedia.biz/\", \"wseStream\": \"espanol.stream\", \"wseApplication\": \"live\", \"wseStreamingUrlSecondary\": \"https://wsedvr.openmultimedia.biz/\", \"wseApiUrl\": \"https://wse-saro-api.openmultimedia.biz/\", \"multimediaApiUrl\": \"https://multimedia.telesurtv.net/api/\", \"wseDvrCurrentStream\": \"smil:espanol.stream.smil\", \"wseVodUrl\": \"https://live2vod.openmultimedia.biz/\"}",
        "name": "teleSUR HD",
        "slug": "telesur-hd",
        "provider": "WowzaStreamingEngine"
    }
},
{
    "model": "dvr.stream",
    "pk": 2,
    "fields": {
        "created_at": "2018-05-09T11:16:21.700Z",
        "created_by": null,
        "modified_at": "2018-06-29T18:30:37.212Z",
        "modified_by": null,
        "metadata": "{\"frontendVersion\": \"0.3.14\", \"wseStreamingUrl\": \"https://wsedvr.openmultimedia.biz/\", \"wseStream\": \"english.stream\", \"wseApplication\": \"live\", \"wseStreamingUrlSecondary\": \"https://wsedvr.openmultimedia.biz/\", \"wseApiUrl\": \"https://wse-saro-api.openmultimedia.biz/\", \"multimediaApiUrl\": \"https://multimedia.telesurtv.net/en/api/\", \"wseDvrCurrentStream\": \"smil:english.stream.smil\", \"wseVodUrl\": \"https://live2vod.openmultimedia.biz/\"}",
        "name": "teleSUR English",
        "slug": "telesur-english",
        "provider": "WowzaStreamingEngine"
    }
},
{
    "model": "dvr.sceneanalysis",
    "pk": 1765,
    "fields": {
        "status": "SUCCESS",
        "progress": 1.0,
        "result": null,
        "created_at": "2018-06-29T06:40:05.029Z",
        "created_by": null,
        "modified_at": "2018-06-29T06:40:05.163Z",
        "modified_by": null,
        "stream": 1,
        "start": "2018-06-28T02:24:00Z",
        "end": "2018-06-28T02:44:00Z"
    }
},
{
    "model": "dvr.sceneanalysis",
    "pk": 1766,
    "fields": {
        "status": "SUCCESS",
        "progress": 1.0,
        "result": null,
        "created_at": "2018-06-29T06:40:05.386Z",
        "created_by": null,
        "modified_at": "2018-06-29T06:40:05.386Z",
        "modified_by": null,
        "stream": 2,
        "start": "2018-06-28T02:24:00Z",
        "end": "2018-06-28T02:44:00Z"
    }
},
{
    "model": "dvr.sceneanalysis",
    "pk": 1767,
    "fields": {
        "status": "SUCCESS",
        "progress": 1.0,
        "result": null,
        "created_at": "2018-06-29T06:41:08.988Z",
        "created_by": null,
        "modified_at": "2018-06-29T06:41:08.988Z",
        "modified_by": null,
        "stream": 2,
        "start": "2018-06-28T02:44:00Z",
        "end": "2018-06-28T03:04:00Z"
    }
},
{
    "model": "dvr.video",
    "pk": 2080,
    "fields": {
        "status": "SUCCESS",
        "progress": 1.0,
        "result": "{\"finished\": \"2018-10-05T03:02:33.104200+00:00\"}",
        "created_at": "2018-10-05T02:51:05.123Z",
        "created_by": null,
        "modified_at": "2018-10-05T02:54:03.978Z",
        "modified_by": null,
        "metadata": "{}",
        "configuration": null,
        "stream": 2,
        "series": null,
        "sources": "[\"https://wsedvr.openmultimedia.biz/live/english.stream_1080p/playlist.m3u8?DVR&wowzadvrplayliststart=20181004223329&wowzadvrplaylistduration=398388\", \"https://wsedvr.openmultimedia.biz/live/english.stream_1080p/playlist.m3u8?DVR&wowzadvrplayliststart=20181004224116&wowzadvrplaylistduration=815336\", \"https://wsedvr.openmultimedia.biz/live/english.stream_1080p/playlist.m3u8?DVR&wowzadvrplayliststart=20181004225605&wowzadvrplaylistduration=210118\"]",
        "start": "2018-10-04T22:33:29.532Z",
        "end": "2018-10-04T22:59:35.220Z",
        "file": "videos/2080/source.mp4",
        "images": "[]",
        "duration": "00:23:46.704000",
        "width": 1920,
        "height": 1080
    }
},
{
    "model": "dvr.video",
    "pk": 2081,
    "fields": {
        "status": "SUCCESS",
        "progress": 1.0,
        "result": "{\"finished\": \"2018-10-05T03:04:59.329187+00:00\"}",
        "created_at": "2018-10-05T02:52:19.402Z",
        "created_by": null,
        "modified_at": "2018-10-05T02:52:19.403Z",
        "modified_by": null,
        "metadata": "{}",
        "configuration": null,
        "stream": 2,
        "series": null,
        "sources": "[\"https://wsedvr.openmultimedia.biz/live/english.stream_1080p/playlist.m3u8?DVR&wowzadvrplayliststart=20181005000356&wowzadvrplaylistduration=1734489\"]",
        "start": "2018-10-05T00:03:56.014Z",
        "end": "2018-10-05T00:32:50.503Z",
        "file": "videos/2081/source.mp4",
        "images": "[]",
        "duration": "00:28:46.959000",
        "width": 1920,
        "height": 1080
    }
},
{
    "model": "dvr.video",
    "pk": 2082,
    "fields": {
        "status": "SUCCESS",
        "progress": 1.0,
        "result": "{\"finished\": \"2018-10-05T03:02:28.701766+00:00\"}",
        "created_at": "2018-10-05T02:53:58.476Z",
        "created_by": null,
        "modified_at": "2018-10-05T02:53:58.476Z",
        "modified_by": null,
        "metadata": "{}",
        "configuration": null,
        "stream": 2,
        "series": null,
        "sources": "[\"https://wsedvr.openmultimedia.biz/live/english.stream_1080p/playlist.m3u8?DVR&wowzadvrplayliststart=20181005003415&wowzadvrplaylistduration=399767\", \"https://wsedvr.openmultimedia.biz/live/english.stream_1080p/playlist.m3u8?DVR&wowzadvrplayliststart=20181005004206&wowzadvrplaylistduration=837801\"]",
        "start": "2018-10-05T00:34:15.893Z",
        "end": "2018-10-05T00:56:04.681Z",
        "file": "videos/2082/source.mp4",
        "images": "[]",
        "duration": "00:20:26.790000",
        "width": 1920,
        "height": 1080
    }
},
{
    "model": "dvr.video",
    "pk": 2083,
    "fields": {
        "status": "SUCCESS",
        "progress": 1.0,
        "result": "{\"finished\": \"2018-10-05T03:39:39.700105+00:00\"}",
        "created_at": "2018-10-05T03:20:49.219Z",
        "created_by": null,
        "modified_at": "2018-10-05T03:20:49.220Z",
        "modified_by": null,
        "metadata": "{}",
        "configuration": null,
        "stream": 2,
        "series": null,
        "sources": "[\"https://wsedvr.openmultimedia.biz/live/english.stream_1080p/playlist.m3u8?DVR&wowzadvrplayliststart=20181005010348&wowzadvrplaylistduration=3329941\"]",
        "start": "2018-10-05T01:03:48.816Z",
        "end": "2018-10-05T01:59:18.757Z",
        "file": "videos/2083/source.mp4",
        "images": "[]",
        "duration": "00:55:28.907000",
        "width": 1920,
        "height": 1080
    }
},
{
    "model": "dvr.video",
    "pk": 2084,
    "fields": {
        "status": "SUCCESS",
        "progress": 1.0,
        "result": "{\"finished\": \"2018-10-05T04:07:52.598652+00:00\"}",
        "created_at": "2018-10-05T04:03:49.143Z",
        "created_by": null,
        "modified_at": "2018-10-05T04:03:49.144Z",
        "modified_by": null,
        "metadata": "{}",
        "configuration": null,
        "stream": 2,
        "series": null,
        "sources": "[\"https://wsedvr.openmultimedia.biz/live/english.stream_1080p/playlist.m3u8?DVR&wowzadvrplayliststart=20181005033110&wowzadvrplaylistduration=443088\", \"https://wsedvr.openmultimedia.biz/live/english.stream_1080p/playlist.m3u8?DVR&wowzadvrplayliststart=20181005033942&wowzadvrplaylistduration=557607\", \"https://wsedvr.openmultimedia.biz/live/english.stream_1080p/playlist.m3u8?DVR&wowzadvrplayliststart=20181005035031&wowzadvrplaylistduration=418956\"]",
        "start": "2018-10-05T03:31:10.561Z",
        "end": "2018-10-05T03:57:30.546Z",
        "file": "videos/2084/source.mp4",
        "images": "[]",
        "duration": "00:23:38.246000",
        "width": 1920,
        "height": 1080
    }
},
{
    "model": "dvr.video",
    "pk": 2085,
    "fields": {
        "status": "SUCCESS",
        "progress": 1.0,
        "result": "{\"finished\": \"2018-10-06T00:36:59.904817+00:00\"}",
        "created_at": "2018-10-05T23:44:23.803Z",
        "created_by": null,
        "modified_at": "2018-10-06T00:32:44.786Z",
        "modified_by": null,
        "metadata": "{}",
        "configuration": null,
        "stream": 2,
        "series": null,
        "sources": "[\"https://wsedvr.openmultimedia.biz/live/english.stream_1080p/playlist.m3u8?DVR&wowzadvrplayliststart=20181005203307&wowzadvrplaylistduration=724261\", \"https://wsedvr.openmultimedia.biz/live/english.stream_1080p/playlist.m3u8?DVR&wowzadvrplayliststart=20181005204630&wowzadvrplaylistduration=726168\"]",
        "start": "2018-10-05T20:33:07.113Z",
        "end": "2018-10-05T20:58:36.282Z",
        "file": "videos/2085/source.mp4",
        "images": "[]",
        "duration": "00:24:28.119000",
        "width": 1920,
        "height": 1080
    }
},
{
    "model": "dvr.video",
    "pk": 2086,
    "fields": {
        "status": "SUCCESS",
        "progress": 1.0,
        "result": "{\"finished\": \"2018-10-05T23:52:53.636131+00:00\"}",
        "created_at": "2018-10-05T23:47:18.643Z",
        "created_by": null,
        "modified_at": "2018-10-05T23:47:18.706Z",
        "modified_by": null,
        "metadata": "{}",
        "configuration": null,
        "stream": 2,
        "series": null,
        "sources": "[\"https://wsedvr.openmultimedia.biz/live/english.stream_1080p/playlist.m3u8?DVR&wowzadvrplayliststart=20181005223056&wowzadvrplaylistduration=724267\", \"https://wsedvr.openmultimedia.biz/live/english.stream_1080p/playlist.m3u8?DVR&wowzadvrplayliststart=20181005224419&wowzadvrplaylistduration=790666\"]",
        "start": "2018-10-05T22:30:56.205Z",
        "end": "2018-10-05T22:57:29.873Z",
        "file": "videos/2086/source.mp4",
        "images": "[]",
        "duration": "00:25:26.545000",
        "width": 1920,
        "height": 1080
    }
},
{
    "model": "dvr.video",
    "pk": 2087,
    "fields": {
        "status": "SUCCESS",
        "progress": 1.0,
        "result": "{\"finished\": \"2018-10-06T00:49:52.545593+00:00\"}",
        "created_at": "2018-10-06T00:38:32.930Z",
        "created_by": null,
        "modified_at": "2018-10-06T00:38:32.995Z",
        "modified_by": null,
        "metadata": "{}",
        "configuration": null,
        "stream": 2,
        "series": null,
        "sources": "[\"https://wsedvr.openmultimedia.biz/live/english.stream_1080p/playlist.m3u8?DVR&wowzadvrplayliststart=20181006000308&wowzadvrplaylistduration=1697863\"]",
        "start": "2018-10-06T00:03:08.958Z",
        "end": "2018-10-06T00:31:26.821Z",
        "file": "videos/2087/source.mp4",
        "images": "[]",
        "duration": "00:28:30.074000",
        "width": 1920,
        "height": 1080
    }
},
{
    "model": "dvr.video",
    "pk": 2088,
    "fields": {
        "status": "SUCCESS",
        "progress": 1.0,
        "result": "{\"finished\": \"2018-10-06T01:09:56.711375+00:00\"}",
        "created_at": "2018-10-06T01:04:52.766Z",
        "created_by": null,
        "modified_at": "2018-10-06T01:04:52.796Z",
        "modified_by": null,
        "metadata": "{}",
        "configuration": null,
        "stream": 2,
        "series": null,
        "sources": "[\"https://wsedvr.openmultimedia.biz/live/english.stream_1080p/playlist.m3u8?DVR&wowzadvrplayliststart=20181006003214&wowzadvrplaylistduration=642087\", \"https://wsedvr.openmultimedia.biz/live/english.stream_1080p/playlist.m3u8?DVR&wowzadvrplayliststart=20181006004444&wowzadvrplaylistduration=418029\", \"https://wsedvr.openmultimedia.biz/live/english.stream_1080p/playlist.m3u8?DVR&wowzadvrplayliststart=20181006005302&wowzadvrplaylistduration=249538\"]",
        "start": "2018-10-06T00:32:14.433Z",
        "end": "2018-10-06T00:57:11.944Z",
        "file": "videos/2088/source.mp4",
        "images": "[]",
        "duration": "00:22:06.698000",
        "width": 1920,
        "height": 1080
    }
},
{
    "model": "dvr.video",
    "pk": 2089,
    "fields": {
        "status": "SUCCESS",
        "progress": 1.0,
        "result": "{\"finished\": \"2018-10-06T02:23:08.171591+00:00\"}",
        "created_at": "2018-10-06T02:09:01.402Z",
        "created_by": null,
        "modified_at": "2018-10-06T02:09:01.403Z",
        "modified_by": null,
        "metadata": "{}",
        "configuration": null,
        "stream": 2,
        "series": null,
        "sources": "[\"https://wsedvr.openmultimedia.biz/live/english.stream_1080p/playlist.m3u8?DVR&wowzadvrplayliststart=20181006012500&wowzadvrplaylistduration=2024613\"]",
        "start": "2018-10-06T01:25:00Z",
        "end": "2018-10-06T01:58:44.613Z",
        "file": "videos/2089/source.mp4",
        "images": "[]",
        "duration": "00:33:56.002000",
        "width": 1920,
        "height": 1080
    }
},
{
    "model": "dvr.video",
    "pk": 2090,
    "fields": {
        "status": "SUCCESS",
        "progress": 1.0,
        "result": "{\"finished\": \"2018-10-07T04:40:14.211560+00:00\"}",
        "created_at": "2018-10-07T04:34:26.916Z",
        "created_by": null,
        "modified_at": "2018-10-07T04:34:26.953Z",
        "modified_by": null,
        "metadata": "{}",
        "configuration": null,
        "stream": 2,
        "series": null,
        "sources": "[\"https://wsedvr.openmultimedia.biz/live/english.stream_1080p/playlist.m3u8?DVR&wowzadvrplayliststart=20181006223032&wowzadvrplaylistduration=513373\", \"https://wsedvr.openmultimedia.biz/live/english.stream_1080p/playlist.m3u8?DVR&wowzadvrplayliststart=20181006224019&wowzadvrplaylistduration=756301\", \"https://wsedvr.openmultimedia.biz/live/english.stream_1080p/playlist.m3u8?DVR&wowzadvrplayliststart=20181006225408&wowzadvrplaylistduration=179758\"]",
        "start": "2018-10-06T22:30:32.622Z",
        "end": "2018-10-06T22:57:08.446Z",
        "file": "videos/2090/source.mp4",
        "images": "[]",
        "duration": "00:23:55.548000",
        "width": 1920,
        "height": 1080
    }
},
{
    "model": "dvr.video",
    "pk": 2091,
    "fields": {
        "status": "SUCCESS",
        "progress": 1.0,
        "result": "{\"finished\": \"2018-10-07T15:00:28.659200+00:00\"}",
        "created_at": "2018-10-07T14:54:12.449Z",
        "created_by": null,
        "modified_at": "2018-10-07T14:54:12.450Z",
        "modified_by": null,
        "metadata": "{}",
        "configuration": null,
        "stream": 2,
        "series": null,
        "sources": "[\"https://wsedvr.openmultimedia.biz/live/english.stream_1080p/playlist.m3u8?DVR&wowzadvrplayliststart=20181007123025&wowzadvrplaylistduration=604742\", \"https://wsedvr.openmultimedia.biz/live/english.stream_1080p/playlist.m3u8?DVR&wowzadvrplayliststart=20181007124217&wowzadvrplaylistduration=621821\", \"https://wsedvr.openmultimedia.biz/live/english.stream_1080p/playlist.m3u8?DVR&wowzadvrplayliststart=20181007125412&wowzadvrplaylistduration=221497\"]",
        "start": "2018-10-07T12:30:25.136Z",
        "end": "2018-10-07T12:57:54.296Z",
        "file": "videos/2091/source.mp4",
        "images": "[]",
        "duration": "00:24:12.109000",
        "width": 1920,
        "height": 1080
    }
},
{
    "model": "dvr.video",
    "pk": 2092,
    "fields": {
        "status": "SUCCESS",
        "progress": 1.0,
        "result": "{\"finished\": \"2018-10-07T18:37:14.095165+00:00\"}",
        "created_at": "2018-10-07T18:30:11.916Z",
        "created_by": null,
        "modified_at": "2018-10-07T18:30:11.951Z",
        "modified_by": null,
        "metadata": "{}",
        "configuration": null,
        "stream": 2,
        "series": null,
        "sources": "[\"https://wsedvr.openmultimedia.biz/live/english.stream_1080p/playlist.m3u8?DVR&wowzadvrplayliststart=20181007163022&wowzadvrplaylistduration=1268000\"]",
        "start": "2018-10-07T16:30:22.366Z",
        "end": "2018-10-07T16:51:30.366Z",
        "file": "videos/2092/source.mp4",
        "images": "[]",
        "duration": "00:18:05.940000",
        "width": 1920,
        "height": 1080
    }
},
{
    "model": "dvr.video",
    "pk": 2093,
    "fields": {
        "status": "SUCCESS",
        "progress": 1.0,
        "result": "{\"finished\": \"2018-10-08T03:05:52.179605+00:00\"}",
        "created_at": "2018-10-08T02:46:00.199Z",
        "created_by": null,
        "modified_at": "2018-10-08T02:46:00.200Z",
        "modified_by": null,
        "metadata": "{}",
        "configuration": null,
        "stream": 2,
        "series": null,
        "sources": "[\"https://wsedvr.openmultimedia.biz/live/english.stream_1080p/playlist.m3u8?DVR&wowzadvrplayliststart=20181007223442&wowzadvrplaylistduration=5176525\"]",
        "start": "2018-10-07T22:34:42.370Z",
        "end": "2018-10-08T00:00:58.894Z",
        "file": "videos/2093/source.mp4",
        "images": "[]",
        "duration": "00:56:29.158000",
        "width": 1920,
        "height": 1080
    }
},
{
    "model": "dvr.video",
    "pk": 2094,
    "fields": {
        "status": "SUCCESS",
        "progress": 1.0,
        "result": "{\"finished\": \"2018-10-08T14:31:24.792068+00:00\"}",
        "created_at": "2018-10-08T14:20:04.978Z",
        "created_by": null,
        "modified_at": "2018-10-08T14:20:05.002Z",
        "modified_by": null,
        "metadata": "{}",
        "configuration": null,
        "stream": 2,
        "series": null,
        "sources": "[\"https://wsedvr.openmultimedia.biz/live/english.stream_1080p/playlist.m3u8?DVR&wowzadvrplayliststart=20181008123051&wowzadvrplaylistduration=1600000\"]",
        "start": "2018-10-08T12:30:51.033Z",
        "end": "2018-10-08T12:57:31.033Z",
        "file": "videos/2094/source.mp4",
        "images": "[]",
        "duration": "00:26:42.702000",
        "width": 1920,
        "height": 1080
    }
},
{
    "model": "dvr.video",
    "pk": 2095,
    "fields": {
        "status": "SUCCESS",
        "progress": 1.0,
        "result": "{\"finished\": \"2018-10-08T14:37:57.535713+00:00\"}",
        "created_at": "2018-10-08T14:26:22.647Z",
        "created_by": null,
        "modified_at": "2018-10-08T14:26:22.850Z",
        "modified_by": null,
        "metadata": "{}",
        "configuration": null,
        "stream": 2,
        "series": null,
        "sources": "[\"https://wsedvr.openmultimedia.biz/live/english.stream_1080p/playlist.m3u8?DVR&wowzadvrplayliststart=20181008103022&wowzadvrplaylistduration=1602268\"]",
        "start": "2018-10-08T10:30:22.752Z",
        "end": "2018-10-08T10:57:05.020Z",
        "file": "videos/2095/source.mp4",
        "images": "[]",
        "duration": "00:26:42.307000",
        "width": 1920,
        "height": 1080
    }
},
{
    "model": "dvr.video",
    "pk": 2096,
    "fields": {
        "status": "SUCCESS",
        "progress": 1.0,
        "result": "{\"finished\": \"2018-10-08T14:40:52.760797+00:00\"}",
        "created_at": "2018-10-08T14:28:57.699Z",
        "created_by": null,
        "modified_at": "2018-10-08T14:28:57.700Z",
        "modified_by": null,
        "metadata": "{}",
        "configuration": null,
        "stream": 2,
        "series": null,
        "sources": "[\"https://wsedvr.openmultimedia.biz/live/english.stream_1080p/playlist.m3u8?DVR&wowzadvrplayliststart=20181008063029&wowzadvrplaylistduration=1481000\"]",
        "start": "2018-10-08T06:30:29.055Z",
        "end": "2018-10-08T06:55:10.055Z",
        "file": "videos/2096/source.mp4",
        "images": "[]",
        "duration": "00:24:36.609000",
        "width": 1920,
        "height": 1080
    }
},
{
    "model": "dvr.video",
    "pk": 2097,
    "fields": {
        "status": "SUCCESS",
        "progress": 1.0,
        "result": "{\"finished\": \"2018-10-08T18:59:53.663791+00:00\"}",
        "created_at": "2018-10-08T18:46:31.791Z",
        "created_by": null,
        "modified_at": "2018-10-08T18:46:31.793Z",
        "modified_by": null,
        "metadata": "{}",
        "configuration": null,
        "stream": 2,
        "series": null,
        "sources": "[\"https://wsedvr.openmultimedia.biz/live/english.stream_1080p/playlist.m3u8?DVR&wowzadvrplayliststart=20181008163040&wowzadvrplaylistduration=1959000\"]",
        "start": "2018-10-08T16:30:40.953Z",
        "end": "2018-10-08T17:03:19.953Z",
        "file": "videos/2097/source.mp4",
        "images": "[]",
        "duration": "00:32:32.857000",
        "width": 1920,
        "height": 1080
    }
},
{
    "model": "dvr.video",
    "pk": 2102,
    "fields": {
        "status": "SUCCESS",
        "progress": 1.0,
        "result": "{\"finished\": \"2018-10-09T02:27:17.413140+00:00\"}",
        "created_at": "2018-10-09T01:40:38.268Z",
        "created_by": null,
        "modified_at": "2018-10-09T02:19:56.257Z",
        "modified_by": null,
        "metadata": "{}",
        "configuration": null,
        "stream": 2,
        "series": null,
        "sources": "[\"https://wsedvr.openmultimedia.biz/live/english.stream_1080p/playlist.m3u8?DVR&wowzadvrplayliststart=20181008203250&wowzadvrplaylistduration=788763\", \"https://wsedvr.openmultimedia.biz/live/english.stream_1080p/playlist.m3u8?DVR&wowzadvrplayliststart=20181008204719&wowzadvrplaylistduration=697709\"]",
        "start": "2018-10-08T20:32:50.039Z",
        "end": "2018-10-08T20:58:57.152Z",
        "file": "videos/2102/source.mp4",
        "images": "[]",
        "duration": "00:24:53.259000",
        "width": 1920,
        "height": 1080
    }
},
{
    "model": "dvr.video",
    "pk": 2103,
    "fields": {
        "status": "SUCCESS",
        "progress": 1.0,
        "result": "{\"finished\": \"2018-10-09T01:52:22.768921+00:00\"}",
        "created_at": "2018-10-09T01:42:47.172Z",
        "created_by": null,
        "modified_at": "2018-10-09T01:42:47.179Z",
        "modified_by": null,
        "metadata": "{}",
        "configuration": null,
        "stream": 2,
        "series": null,
        "sources": "[\"https://wsedvr.openmultimedia.biz/live/english.stream_1080p/playlist.m3u8?DVR&wowzadvrplayliststart=20181008223430&wowzadvrplaylistduration=543837\", \"https://wsedvr.openmultimedia.biz/live/english.stream_1080p/playlist.m3u8?DVR&wowzadvrplayliststart=20181008224446&wowzadvrplaylistduration=817227\"]",
        "start": "2018-10-08T22:34:30.864Z",
        "end": "2018-10-08T22:58:23.267Z",
        "file": "videos/2103/source.mp4",
        "images": "[]",
        "duration": "00:22:31.442000",
        "width": 1920,
        "height": 1080
    }
},
{
    "model": "dvr.video",
    "pk": 2104,
    "fields": {
        "status": "SUCCESS",
        "progress": 1.0,
        "result": "{\"finished\": \"2018-10-09T02:25:39.844801+00:00\"}",
        "created_at": "2018-10-09T01:45:04.350Z",
        "created_by": null,
        "modified_at": "2018-10-09T02:19:59.577Z",
        "modified_by": null,
        "metadata": "{}",
        "configuration": null,
        "stream": 2,
        "series": null,
        "sources": "[\"https://wsedvr.openmultimedia.biz/live/english.stream_1080p/playlist.m3u8?DVR&wowzadvrplayliststart=20181009003031&wowzadvrplaylistduration=525424\", \"https://wsedvr.openmultimedia.biz/live/english.stream_1080p/playlist.m3u8?DVR&wowzadvrplayliststart=20181009004056&wowzadvrplaylistduration=477625\", \"https://wsedvr.openmultimedia.biz/live/english.stream_1080p/playlist.m3u8?DVR&wowzadvrplayliststart=20181009005038&wowzadvrplaylistduration=412454\"]",
        "start": "2018-10-09T00:30:31.381Z",
        "end": "2018-10-09T00:57:31.115Z",
        "file": "videos/2104/source.mp4",
        "images": "[]",
        "duration": "00:23:39.418000",
        "width": 1920,
        "height": 1080
    }
},
{
    "model": "dvr.video",
    "pk": 2105,
    "fields": {
        "status": "SUCCESS",
        "progress": 1.0,
        "result": "{\"finished\": \"2018-10-09T01:54:53.460327+00:00\"}",
        "created_at": "2018-10-09T01:46:45.353Z",
        "created_by": null,
        "modified_at": "2018-10-09T01:46:45.354Z",
        "modified_by": null,
        "metadata": "{}",
        "configuration": null,
        "stream": 2,
        "series": null,
        "sources": "[\"https://wsedvr.openmultimedia.biz/live/english.stream_1080p/playlist.m3u8?DVR&wowzadvrplayliststart=20181009000526&wowzadvrplaylistduration=1173311\"]",
        "start": "2018-10-09T00:05:26.273Z",
        "end": "2018-10-09T00:24:59.584Z",
        "file": "videos/2105/source.mp4",
        "images": "[]",
        "duration": "00:19:38.111000",
        "width": 1920,
        "height": 1080
    }
},
{
    "model": "dvr.video",
    "pk": 2106,
    "fields": {
        "status": "SUCCESS",
        "progress": 1.0,
        "result": "{\"finished\": \"2018-10-09T02:55:58.445326+00:00\"}",
        "created_at": "2018-10-09T02:33:02.337Z",
        "created_by": null,
        "modified_at": "2018-10-09T02:33:03.224Z",
        "modified_by": null,
        "metadata": "{}",
        "configuration": null,
        "stream": 2,
        "series": null,
        "sources": "[\"https://wsedvr.openmultimedia.biz/live/english.stream_1080p/playlist.m3u8?DVR&wowzadvrplayliststart=20181009010125&wowzadvrplaylistduration=3569376\"]",
        "start": "2018-10-09T01:01:25.519Z",
        "end": "2018-10-09T02:00:54.895Z",
        "file": "videos/2106/source.mp4",
        "images": "[]",
        "duration": "00:59:30.508000",
        "width": 1920,
        "height": 1080
    }
},
{
    "model": "dvr.video",
    "pk": 2107,
    "fields": {
        "status": "SUCCESS",
        "progress": 1.0,
        "result": "{\"finished\": \"2018-10-09T04:07:03.424360+00:00\"}",
        "created_at": "2018-10-09T04:01:19.976Z",
        "created_by": null,
        "modified_at": "2018-10-09T04:01:19.977Z",
        "modified_by": null,
        "metadata": "{}",
        "configuration": null,
        "stream": 2,
        "series": null,
        "sources": "[\"https://wsedvr.openmultimedia.biz/live/english.stream_1080p/playlist.m3u8?DVR&wowzadvrplayliststart=20181009033043&wowzadvrplaylistduration=604415\", \"https://wsedvr.openmultimedia.biz/live/english.stream_1080p/playlist.m3u8?DVR&wowzadvrplayliststart=20181009034154&wowzadvrplaylistduration=428360\", \"https://wsedvr.openmultimedia.biz/live/english.stream_1080p/playlist.m3u8?DVR&wowzadvrplayliststart=20181009035004&wowzadvrplaylistduration=606394\"]",
        "start": "2018-10-09T03:30:43.218Z",
        "end": "2018-10-09T04:00:10.652Z",
        "file": "videos/2107/source.mp4",
        "images": "[]",
        "duration": "00:27:06.559000",
        "width": 1920,
        "height": 1080
    }
},
{
    "model": "dvr.video",
    "pk": 2108,
    "fields": {
        "status": "SUCCESS",
        "progress": 1.0,
        "result": "{\"finished\": \"2018-10-09T13:04:14.917919+00:00\"}",
        "created_at": "2018-10-09T12:53:35.725Z",
        "created_by": null,
        "modified_at": "2018-10-09T12:53:35.726Z",
        "modified_by": null,
        "metadata": "{}",
        "configuration": null,
        "stream": 2,
        "series": null,
        "sources": "[\"https://wsedvr.openmultimedia.biz/live/english.stream_1080p/playlist.m3u8?DVR&wowzadvrplayliststart=20181009063024&wowzadvrplaylistduration=1601000\"]",
        "start": "2018-10-09T06:30:24.368Z",
        "end": "2018-10-09T06:57:05.368Z",
        "file": "videos/2108/source.mp4",
        "images": "[]",
        "duration": "00:26:33.238000",
        "width": 1920,
        "height": 1080
    }
},
{
    "model": "dvr.video",
    "pk": 2109,
    "fields": {
        "status": "SUCCESS",
        "progress": 1.0,
        "result": "{\"finished\": \"2018-10-09T13:06:55.603293+00:00\"}",
        "created_at": "2018-10-09T12:54:49.183Z",
        "created_by": null,
        "modified_at": "2018-10-09T12:54:49.212Z",
        "modified_by": null,
        "metadata": "{}",
        "configuration": null,
        "stream": 2,
        "series": null,
        "sources": "[\"https://wsedvr.openmultimedia.biz/live/english.stream_1080p/playlist.m3u8?DVR&wowzadvrplayliststart=20181009103121&wowzadvrplaylistduration=1615000\"]",
        "start": "2018-10-09T10:31:21.773Z",
        "end": "2018-10-09T10:58:16.773Z",
        "file": "videos/2109/source.mp4",
        "images": "[]",
        "duration": "00:26:58.854000",
        "width": 1920,
        "height": 1080
    }
},
{
    "model": "dvr.video",
    "pk": 2110,
    "fields": {
        "status": "SUCCESS",
        "progress": 1.0,
        "result": "{\"finished\": \"2018-10-09T13:13:25.976398+00:00\"}",
        "created_at": "2018-10-09T13:03:06.455Z",
        "created_by": null,
        "modified_at": "2018-10-09T13:03:06.481Z",
        "modified_by": null,
        "metadata": "{}",
        "configuration": null,
        "stream": 2,
        "series": null,
        "sources": "[\"https://wsedvr.openmultimedia.biz/live/english.stream_1080p/playlist.m3u8?DVR&wowzadvrplayliststart=20181009123039&wowzadvrplaylistduration=1606645\"]",
        "start": "2018-10-09T12:30:39.109Z",
        "end": "2018-10-09T12:57:25.753Z",
        "file": "videos/2110/source.mp4",
        "images": "[]",
        "duration": "00:26:41.708000",
        "width": 1920,
        "height": 1080
    }
},
{
    "model": "dvr.video",
    "pk": 2124,
    "fields": {
        "status": "SUCCESS",
        "progress": 1.0,
        "result": "{\"finished\": \"2018-10-09T17:55:45.023759+00:00\"}",
        "created_at": "2018-10-09T17:40:08.956Z",
        "created_by": null,
        "modified_at": "2018-10-09T17:40:08.957Z",
        "modified_by": null,
        "metadata": "{}",
        "configuration": null,
        "stream": 2,
        "series": null,
        "sources": "[\"https://wsedvr.openmultimedia.biz/live/english.stream_1080p/playlist.m3u8?DVR&wowzadvrplayliststart=20181009163023&wowzadvrplaylistduration=1628000\"]",
        "start": "2018-10-09T16:30:23.463Z",
        "end": "2018-10-09T16:57:31.463Z",
        "file": "videos/2124/source.mp4",
        "images": "[]",
        "duration": "00:27:07.220000",
        "width": 1920,
        "height": 1080
    }
},
{
    "model": "dvr.video",
    "pk": 2129,
    "fields": {
        "status": "SUCCESS",
        "progress": 1.0,
        "result": "{\"finished\": \"2018-10-09T18:21:58.102295+00:00\"}",
        "created_at": "2018-10-09T18:21:14.210Z",
        "created_by": null,
        "modified_at": "2018-10-09T18:21:14.210Z",
        "modified_by": null,
        "metadata": "{}",
        "configuration": null,
        "stream": 1,
        "series": null,
        "sources": "[\"https://wsedvr.openmultimedia.biz/live/espanol.stream_1080p/playlist.m3u8?DVR&wowzadvrplayliststart=20181009175934&wowzadvrplaylistduration=81312\"]",
        "start": "2018-10-09T17:59:34.400Z",
        "end": "2018-10-09T18:00:55.712Z",
        "file": "videos/2129/source.mp4",
        "images": "[]",
        "duration": "00:01:22.988000",
        "width": 1920,
        "height": 1080
    }
},
{
    "model": "dvr.video",
    "pk": 2130,
    "fields": {
        "status": "SUCCESS",
        "progress": 1.0,
        "result": "{\"finished\": \"2018-10-09T20:54:00.831908+00:00\"}",
        "created_at": "2018-10-09T20:52:24.776Z",
        "created_by": null,
        "modified_at": "2018-10-09T20:52:24.802Z",
        "modified_by": null,
        "metadata": "{}",
        "configuration": null,
        "stream": 1,
        "series": null,
        "sources": "[\"https://wsedvr.openmultimedia.biz/live/espanol.stream_1080p/playlist.m3u8?DVR&wowzadvrplayliststart=20181009204755&wowzadvrplaylistduration=170822\"]",
        "start": "2018-10-09T20:47:55.467Z",
        "end": "2018-10-09T20:50:46.288Z",
        "file": "videos/2130/source.mp4",
        "images": "[]",
        "duration": "00:02:52.700000",
        "width": 1920,
        "height": 1080
    }
},
{
    "model": "dvr.video",
    "pk": 2131,
    "fields": {
        "status": "SUCCESS",
        "progress": 1.0,
        "result": "{\"finished\": \"2018-10-09T20:53:12.862680+00:00\"}",
        "created_at": "2018-10-09T20:52:31.827Z",
        "created_by": null,
        "modified_at": "2018-10-09T20:52:31.828Z",
        "modified_by": null,
        "metadata": "{}",
        "configuration": null,
        "stream": 1,
        "series": null,
        "sources": "[\"https://wsedvr.openmultimedia.biz/live/espanol.stream_1080p/playlist.m3u8?DVR&wowzadvrplayliststart=20181009204301&wowzadvrplaylistduration=87596\"]",
        "start": "2018-10-09T20:43:01.029Z",
        "end": "2018-10-09T20:44:28.624Z",
        "file": "videos/2131/source.mp4",
        "images": "[]",
        "duration": "00:01:30.118000",
        "width": 1920,
        "height": 1080
    }
},
{
    "model": "dvr.video",
    "pk": 2132,
    "fields": {
        "status": "SUCCESS",
        "progress": 1.0,
        "result": "{\"finished\": \"2018-10-09T20:53:26.093400+00:00\"}",
        "created_at": "2018-10-09T20:52:35.592Z",
        "created_by": null,
        "modified_at": "2018-10-09T20:52:35.593Z",
        "modified_by": null,
        "metadata": "{}",
        "configuration": null,
        "stream": 1,
        "series": null,
        "sources": "[\"https://wsedvr.openmultimedia.biz/live/espanol.stream_1080p/playlist.m3u8?DVR&wowzadvrplayliststart=20181009204115&wowzadvrplaylistduration=105479\"]",
        "start": "2018-10-09T20:41:15.111Z",
        "end": "2018-10-09T20:43:00.590Z",
        "file": "videos/2132/source.mp4",
        "images": "[]",
        "duration": "00:01:47.619000",
        "width": 1920,
        "height": 1080
    }
},
{
    "model": "dvr.video",
    "pk": 2133,
    "fields": {
        "status": "SUCCESS",
        "progress": 1.0,
        "result": "{\"finished\": \"2018-10-09T20:53:41.705357+00:00\"}",
        "created_at": "2018-10-09T20:52:44.811Z",
        "created_by": null,
        "modified_at": "2018-10-09T20:52:44.812Z",
        "modified_by": null,
        "metadata": "{}",
        "configuration": null,
        "stream": 1,
        "series": null,
        "sources": "[\"https://wsedvr.openmultimedia.biz/live/espanol.stream_1080p/playlist.m3u8?DVR&wowzadvrplayliststart=20181009203704&wowzadvrplaylistduration=107747\"]",
        "start": "2018-10-09T20:37:04.575Z",
        "end": "2018-10-09T20:38:52.322Z",
        "file": "videos/2133/source.mp4",
        "images": "[]",
        "duration": "00:01:50.111000",
        "width": 1920,
        "height": 1080
    }
},
{
    "model": "dvr.video",
    "pk": 2134,
    "fields": {
        "status": "SUCCESS",
        "progress": 1.0,
        "result": "{\"finished\": \"2018-10-09T20:54:53.504943+00:00\"}",
        "created_at": "2018-10-09T20:52:51.627Z",
        "created_by": null,
        "modified_at": "2018-10-09T20:52:51.628Z",
        "modified_by": null,
        "metadata": "{}",
        "configuration": null,
        "stream": 1,
        "series": null,
        "sources": "[\"https://wsedvr.openmultimedia.biz/live/espanol.stream_1080p/playlist.m3u8?DVR&wowzadvrplayliststart=20181009203250&wowzadvrplaylistduration=254597\"]",
        "start": "2018-10-09T20:32:50.031Z",
        "end": "2018-10-09T20:37:04.628Z",
        "file": "videos/2134/source.mp4",
        "images": "[]",
        "duration": "00:04:18.225000",
        "width": 1920,
        "height": 1080
    }
},
{
    "model": "dvr.video",
    "pk": 2136,
    "fields": {
        "status": "SUCCESS",
        "progress": 1.0,
        "result": "{\"finished\": \"2018-10-09T21:01:44.535382+00:00\"}",
        "created_at": "2018-10-09T21:00:37.733Z",
        "created_by": null,
        "modified_at": "2018-10-09T21:00:37.734Z",
        "modified_by": null,
        "metadata": "{}",
        "configuration": null,
        "stream": 1,
        "series": null,
        "sources": "[\"https://wsedvr.openmultimedia.biz/live/espanol.stream_1080p/playlist.m3u8?DVR&wowzadvrplayliststart=20181009205349&wowzadvrplaylistduration=155385\"]",
        "start": "2018-10-09T20:53:49.811Z",
        "end": "2018-10-09T20:56:25.196Z",
        "file": "videos/2136/source.mp4",
        "images": "[]",
        "duration": "00:02:37.658000",
        "width": 1920,
        "height": 1080
    }
},
{
    "model": "dvr.video",
    "pk": 2137,
    "fields": {
        "status": "SUCCESS",
        "progress": 1.0,
        "result": "{\"finished\": \"2018-10-09T21:01:32.350613+00:00\"}",
        "created_at": "2018-10-09T21:00:47.135Z",
        "created_by": null,
        "modified_at": "2018-10-09T21:00:47.136Z",
        "modified_by": null,
        "metadata": "{}",
        "configuration": null,
        "stream": 1,
        "series": null,
        "sources": "[\"https://wsedvr.openmultimedia.biz/live/espanol.stream_1080p/playlist.m3u8?DVR&wowzadvrplayliststart=20181009205045&wowzadvrplaylistduration=102739\"]",
        "start": "2018-10-09T20:50:45.895Z",
        "end": "2018-10-09T20:52:28.634Z",
        "file": "videos/2137/source.mp4",
        "images": "[]",
        "duration": "00:01:45.126000",
        "width": 1920,
        "height": 1080
    }
},
{
    "model": "dvr.video",
    "pk": 2138,
    "fields": {
        "status": "SUCCESS",
        "progress": 1.0,
        "result": "{\"finished\": \"2018-10-09T21:16:42.550934+00:00\"}",
        "created_at": "2018-10-09T21:07:09.129Z",
        "created_by": null,
        "modified_at": "2018-10-09T21:07:09.130Z",
        "modified_by": null,
        "metadata": "{}",
        "configuration": null,
        "stream": 1,
        "series": null,
        "sources": "[\"https://wsedvr.openmultimedia.biz/live/espanol.stream_1080p/playlist.m3u8?DVR&wowzadvrplayliststart=20181009203030&wowzadvrplaylistduration=563148\", \"https://wsedvr.openmultimedia.biz/live/espanol.stream_1080p/playlist.m3u8?DVR&wowzadvrplayliststart=20181009204054&wowzadvrplaylistduration=931800\"]",
        "start": "2018-10-09T20:30:30.626Z",
        "end": "2018-10-09T20:56:26.537Z",
        "file": "videos/2138/source.mp4",
        "images": "[]",
        "duration": "00:24:59.507000",
        "width": 1920,
        "height": 1080
    }
},
{
    "model": "dvr.video",
    "pk": 2139,
    "fields": {
        "status": "SUCCESS",
        "progress": 1.0,
        "result": "{\"finished\": \"2018-10-10T12:34:37.154804+00:00\"}",
        "created_at": "2018-10-10T12:23:43.079Z",
        "created_by": null,
        "modified_at": "2018-10-10T12:23:43.081Z",
        "modified_by": null,
        "metadata": "{}",
        "configuration": null,
        "stream": 2,
        "series": null,
        "sources": "[\"https://wsedvr.openmultimedia.biz/live/english.stream_1080p/playlist.m3u8?DVR&wowzadvrplayliststart=20181010053052&wowzadvrplaylistduration=1686162\"]",
        "start": "2018-10-10T05:30:52.409Z",
        "end": "2018-10-10T05:58:58.571Z",
        "file": "videos/2139/source.mp4",
        "images": "[]",
        "duration": "00:28:05.036000",
        "width": 1920,
        "height": 1080
    }
},
{
    "model": "dvr.video",
    "pk": 2140,
    "fields": {
        "status": "SUCCESS",
        "progress": 1.0,
        "result": "{\"finished\": \"2018-10-10T12:37:45.592116+00:00\"}",
        "created_at": "2018-10-10T12:25:39.525Z",
        "created_by": null,
        "modified_at": "2018-10-10T12:25:39.526Z",
        "modified_by": null,
        "metadata": "{}",
        "configuration": null,
        "stream": 2,
        "series": null,
        "sources": "[\"https://wsedvr.openmultimedia.biz/live/english.stream_1080p/playlist.m3u8?DVR&wowzadvrplayliststart=20181010060019&wowzadvrplaylistduration=1776154\"]",
        "start": "2018-10-10T06:00:19.690Z",
        "end": "2018-10-10T06:29:55.844Z",
        "file": "videos/2140/source.mp4",
        "images": "[]",
        "duration": "00:29:38.844000",
        "width": 1920,
        "height": 1080
    }
},
{
    "model": "dvr.video",
    "pk": 2141,
    "fields": {
        "status": "SUCCESS",
        "progress": 1.0,
        "result": "{\"finished\": \"2018-10-10T13:05:33.429525+00:00\"}",
        "created_at": "2018-10-10T12:56:01.993Z",
        "created_by": null,
        "modified_at": "2018-10-10T12:56:01.995Z",
        "modified_by": null,
        "metadata": "{}",
        "configuration": null,
        "stream": 2,
        "series": null,
        "sources": "[\"https://wsedvr.openmultimedia.biz/live/english.stream_1080p/playlist.m3u8?DVR&wowzadvrplayliststart=20181010063032&wowzadvrplaylistduration=1661996\"]",
        "start": "2018-10-10T06:30:32.306Z",
        "end": "2018-10-10T06:58:14.301Z",
        "file": "videos/2141/source.mp4",
        "images": "[]",
        "duration": "00:27:48.509000",
        "width": 1920,
        "height": 1080
    }
},
{
    "model": "dvr.video",
    "pk": 2142,
    "fields": {
        "status": "SUCCESS",
        "progress": 1.0,
        "result": "{\"finished\": \"2018-10-10T13:14:32.844065+00:00\"}",
        "created_at": "2018-10-10T13:02:00.923Z",
        "created_by": null,
        "modified_at": "2018-10-10T13:02:00.924Z",
        "modified_by": null,
        "metadata": "{}",
        "configuration": null,
        "stream": 2,
        "series": null,
        "sources": "[\"https://wsedvr.openmultimedia.biz/live/english.stream_1080p/playlist.m3u8?DVR&wowzadvrplayliststart=20181010103022&wowzadvrplaylistduration=1624734\"]",
        "start": "2018-10-10T10:30:22.835Z",
        "end": "2018-10-10T10:57:27.568Z",
        "file": "videos/2142/source.mp4",
        "images": "[]",
        "duration": "00:27:06.628000",
        "width": 1920,
        "height": 1080
    }
},
{
    "model": "dvr.video",
    "pk": 2143,
    "fields": {
        "status": "SUCCESS",
        "progress": 1.0,
        "result": "{\"finished\": \"2018-10-10T13:14:44.234033+00:00\"}",
        "created_at": "2018-10-10T13:03:06.597Z",
        "created_by": null,
        "modified_at": "2018-10-10T13:03:06.598Z",
        "modified_by": null,
        "metadata": "{}",
        "configuration": null,
        "stream": 2,
        "series": null,
        "sources": "[\"https://wsedvr.openmultimedia.biz/live/english.stream_1080p/playlist.m3u8?DVR&wowzadvrplayliststart=20181010123108&wowzadvrplaylistduration=1561000\"]",
        "start": "2018-10-10T12:31:08.940Z",
        "end": "2018-10-10T12:57:09.940Z",
        "file": "videos/2143/source.mp4",
        "images": "[]",
        "duration": "00:26:08.259000",
        "width": 1920,
        "height": 1080
    }
},
{
    "model": "dvr.video",
    "pk": 2144,
    "fields": {
        "status": "SUCCESS",
        "progress": 1.0,
        "result": "{\"finished\": \"2018-10-10T17:00:04.014746+00:00\"}",
        "created_at": "2018-10-10T16:59:07.786Z",
        "created_by": null,
        "modified_at": "2018-10-10T16:59:07.787Z",
        "modified_by": null,
        "metadata": "{}",
        "configuration": null,
        "stream": 1,
        "series": null,
        "sources": "[\"https://wsedvr.openmultimedia.biz/live/espanol.stream_1080p/playlist.m3u8?DVR&wowzadvrplayliststart=20181010155915&wowzadvrplaylistduration=158465\"]",
        "start": "2018-10-10T15:59:15.099Z",
        "end": "2018-10-10T16:01:53.564Z",
        "file": "videos/2144/source.mp4",
        "images": "[]",
        "duration": "00:02:37.891000",
        "width": 1920,
        "height": 1080
    }
},
{
    "model": "dvr.video",
    "pk": 2145,
    "fields": {
        "status": "SUCCESS",
        "progress": 1.0,
        "result": "{\"finished\": \"2018-10-10T17:02:57.558916+00:00\"}",
        "created_at": "2018-10-10T17:01:46.810Z",
        "created_by": null,
        "modified_at": "2018-10-10T17:01:46.812Z",
        "modified_by": null,
        "metadata": "{}",
        "configuration": null,
        "stream": 1,
        "series": null,
        "sources": "[\"https://wsedvr.openmultimedia.biz/live/espanol.stream_1080p/playlist.m3u8?DVR&wowzadvrplayliststart=20181010163158&wowzadvrplaylistduration=179359\"]",
        "start": "2018-10-10T16:31:58.997Z",
        "end": "2018-10-10T16:34:58.356Z",
        "file": "videos/2145/source.mp4",
        "images": "[]",
        "duration": "00:03:00.217000",
        "width": 1920,
        "height": 1080
    }
},
{
    "model": "dvr.video",
    "pk": 2146,
    "fields": {
        "status": "SUCCESS",
        "progress": 1.0,
        "result": "{\"finished\": \"2018-10-10T17:20:44.615213+00:00\"}",
        "created_at": "2018-10-10T17:09:06.608Z",
        "created_by": null,
        "modified_at": "2018-10-10T17:09:06.609Z",
        "modified_by": null,
        "metadata": "{}",
        "configuration": null,
        "stream": 2,
        "series": null,
        "sources": "[\"https://wsedvr.openmultimedia.biz/live/english.stream_1080p/playlist.m3u8?DVR&wowzadvrplayliststart=20181010163054&wowzadvrplaylistduration=1585000\"]",
        "start": "2018-10-10T16:30:54.928Z",
        "end": "2018-10-10T16:57:19.928Z",
        "file": "videos/2146/source.mp4",
        "images": "[]",
        "duration": "00:26:33.560000",
        "width": 1920,
        "height": 1080
    }
},
{
    "model": "dvr.video",
    "pk": 2147,
    "fields": {
        "status": "SUCCESS",
        "progress": 1.0,
        "result": "{\"finished\": \"2018-10-10T17:20:44.641749+00:00\"}",
        "created_at": "2018-10-10T17:09:08.750Z",
        "created_by": null,
        "modified_at": "2018-10-10T17:09:08.752Z",
        "modified_by": null,
        "metadata": "{}",
        "configuration": null,
        "stream": 2,
        "series": null,
        "sources": "[\"https://wsedvr.openmultimedia.biz/live/english.stream_1080p/playlist.m3u8?DVR&wowzadvrplayliststart=20181010163054&wowzadvrplaylistduration=1585000\"]",
        "start": "2018-10-10T16:30:54.928Z",
        "end": "2018-10-10T16:57:19.928Z",
        "file": "videos/2147/source.mp4",
        "images": "[]",
        "duration": "00:26:33.560000",
        "width": 1920,
        "height": 1080
    }
},
{
    "model": "dvr.video",
    "pk": 2148,
    "fields": {
        "status": "SUCCESS",
        "progress": 1.0,
        "result": "{\"finished\": \"2018-10-10T17:29:59.100685+00:00\"}",
        "created_at": "2018-10-10T17:23:32.158Z",
        "created_by": null,
        "modified_at": "2018-10-10T17:23:33.020Z",
        "modified_by": null,
        "metadata": "{}",
        "configuration": null,
        "stream": 1,
        "series": null,
        "sources": "[\"https://wsedvr.openmultimedia.biz/live/espanol.stream_1080p/playlist.m3u8?DVR&wowzadvrplayliststart=20181010164926&wowzadvrplaylistduration=679000\"]",
        "start": "2018-10-10T16:49:26.364Z",
        "end": "2018-10-10T17:00:45.364Z",
        "file": "videos/2148/source.mp4",
        "images": "[]",
        "duration": "00:11:20.914000",
        "width": 1920,
        "height": 1080
    }
},
{
    "model": "dvr.video",
    "pk": 2150,
    "fields": {
        "status": "SUCCESS",
        "progress": 1.0,
        "result": "{\"finished\": \"2018-10-10T18:23:58.259181+00:00\"}",
        "created_at": "2018-10-10T18:13:39.704Z",
        "created_by": null,
        "modified_at": "2018-10-10T18:13:39.706Z",
        "modified_by": null,
        "metadata": "{}",
        "configuration": null,
        "stream": 1,
        "series": null,
        "sources": "[\"https://wsedvr.openmultimedia.biz/live/espanol.stream_1080p/playlist.m3u8?DVR&wowzadvrplayliststart=20181010173225&wowzadvrplaylistduration=852458\", \"https://wsedvr.openmultimedia.biz/live/espanol.stream_1080p/playlist.m3u8?DVR&wowzadvrplayliststart=20181010174821&wowzadvrplaylistduration=1010687\"]",
        "start": "2018-10-10T17:32:25.038Z",
        "end": "2018-10-10T18:05:11.760Z",
        "file": "videos/2150/source.mp4",
        "images": "[]",
        "duration": "00:31:04.363000",
        "width": 1920,
        "height": 1080
    }
},
{
    "model": "dvr.video",
    "pk": 2151,
    "fields": {
        "status": "SUCCESS",
        "progress": 1.0,
        "result": "{\"finished\": \"2018-10-10T20:10:18.106290+00:00\"}",
        "created_at": "2018-10-10T20:03:24.278Z",
        "created_by": null,
        "modified_at": "2018-10-10T20:03:24.279Z",
        "modified_by": null,
        "metadata": "{}",
        "configuration": null,
        "stream": 1,
        "series": null,
        "sources": "[\"https://wsedvr.openmultimedia.biz/live/espanol.stream_1080p/playlist.m3u8?DVR&wowzadvrplayliststart=20181010193048&wowzadvrplaylistduration=634541\", \"https://wsedvr.openmultimedia.biz/live/espanol.stream_1080p/playlist.m3u8?DVR&wowzadvrplayliststart=20181010194316&wowzadvrplaylistduration=410731\", \"https://wsedvr.openmultimedia.biz/live/espanol.stream_1080p/playlist.m3u8?DVR&wowzadvrplayliststart=20181010195210&wowzadvrplaylistduration=487552\"]",
        "start": "2018-10-10T19:30:48.655Z",
        "end": "2018-10-10T20:00:18.542Z",
        "file": "videos/2151/source.mp4",
        "images": "[]",
        "duration": "00:25:34.368000",
        "width": 1920,
        "height": 1080
    }
},
{
    "model": "dvr.video",
    "pk": 2152,
    "fields": {
        "status": "SUCCESS",
        "progress": 1.0,
        "result": "{\"finished\": \"2018-10-10T20:49:59.073996+00:00\"}",
        "created_at": "2018-10-10T20:49:21.458Z",
        "created_by": null,
        "modified_at": "2018-10-10T20:49:21.478Z",
        "modified_by": null,
        "metadata": "{}",
        "configuration": null,
        "stream": 1,
        "series": null,
        "sources": "[\"https://wsedvr.openmultimedia.biz/live/espanol.stream_1080p/playlist.m3u8?DVR&wowzadvrplayliststart=20181010204615&wowzadvrplaylistduration=84192\"]",
        "start": "2018-10-10T20:46:15.186Z",
        "end": "2018-10-10T20:47:39.377Z",
        "file": "videos/2152/source.mp4",
        "images": "[]",
        "duration": "00:01:25.085000",
        "width": 1920,
        "height": 1080
    }
},
{
    "model": "dvr.video",
    "pk": 2153,
    "fields": {
        "status": "SUCCESS",
        "progress": 1.0,
        "result": "{\"finished\": \"2018-10-10T20:51:09.810874+00:00\"}",
        "created_at": "2018-10-10T20:49:28.291Z",
        "created_by": null,
        "modified_at": "2018-10-10T20:49:28.291Z",
        "modified_by": null,
        "metadata": "{}",
        "configuration": null,
        "stream": 1,
        "series": null,
        "sources": "[\"https://wsedvr.openmultimedia.biz/live/espanol.stream_1080p/playlist.m3u8?DVR&wowzadvrplayliststart=20181010204225&wowzadvrplaylistduration=227255\"]",
        "start": "2018-10-10T20:42:25.550Z",
        "end": "2018-10-10T20:46:12.805Z",
        "file": "videos/2153/source.mp4",
        "images": "[]",
        "duration": "00:03:50.258000",
        "width": 1920,
        "height": 1080
    }
},
{
    "model": "dvr.video",
    "pk": 2154,
    "fields": {
        "status": "SUCCESS",
        "progress": 1.0,
        "result": "{\"finished\": \"2018-10-10T20:50:23.372825+00:00\"}",
        "created_at": "2018-10-10T20:49:33.777Z",
        "created_by": null,
        "modified_at": "2018-10-10T20:49:33.778Z",
        "modified_by": null,
        "metadata": "{}",
        "configuration": null,
        "stream": 1,
        "series": null,
        "sources": "[\"https://wsedvr.openmultimedia.biz/live/espanol.stream_1080p/playlist.m3u8?DVR&wowzadvrplayliststart=20181010204027&wowzadvrplaylistduration=115538\"]",
        "start": "2018-10-10T20:40:27.112Z",
        "end": "2018-10-10T20:42:22.649Z",
        "file": "videos/2154/source.mp4",
        "images": "[]",
        "duration": "00:01:57.618000",
        "width": 1920,
        "height": 1080
    }
},
{
    "model": "dvr.video",
    "pk": 2155,
    "fields": {
        "status": "SUCCESS",
        "progress": 1.0,
        "result": "{\"finished\": \"2018-10-10T20:50:32.137650+00:00\"}",
        "created_at": "2018-10-10T20:49:42.053Z",
        "created_by": null,
        "modified_at": "2018-10-10T20:49:42.053Z",
        "modified_by": null,
        "metadata": "{}",
        "configuration": null,
        "stream": 1,
        "series": null,
        "sources": "[\"https://wsedvr.openmultimedia.biz/live/espanol.stream_1080p/playlist.m3u8?DVR&wowzadvrplayliststart=20181010203358&wowzadvrplaylistduration=97322\"]",
        "start": "2018-10-10T20:33:58.141Z",
        "end": "2018-10-10T20:35:35.463Z",
        "file": "videos/2155/source.mp4",
        "images": "[]",
        "duration": "00:01:37.598000",
        "width": 1920,
        "height": 1080
    }
},
{
    "model": "dvr.video",
    "pk": 2157,
    "fields": {
        "status": "SUCCESS",
        "progress": 1.0,
        "result": "{\"finished\": \"2018-10-10T20:59:39.282435+00:00\"}",
        "created_at": "2018-10-10T20:58:41.533Z",
        "created_by": null,
        "modified_at": "2018-10-10T20:58:41.534Z",
        "modified_by": null,
        "metadata": "{}",
        "configuration": null,
        "stream": 1,
        "series": null,
        "sources": "[\"https://wsedvr.openmultimedia.biz/live/espanol.stream_1080p/playlist.m3u8?DVR&wowzadvrplayliststart=20181010205435&wowzadvrplaylistduration=111682\"]",
        "start": "2018-10-10T20:54:35.099Z",
        "end": "2018-10-10T20:56:26.781Z",
        "file": "videos/2157/source.mp4",
        "images": "[]",
        "duration": "00:01:52.619000",
        "width": 1920,
        "height": 1080
    }
},
{
    "model": "dvr.video",
    "pk": 2158,
    "fields": {
        "status": "SUCCESS",
        "progress": 1.0,
        "result": "{\"finished\": \"2018-10-10T20:59:47.350771+00:00\"}",
        "created_at": "2018-10-10T20:58:48.349Z",
        "created_by": null,
        "modified_at": "2018-10-10T20:58:48.349Z",
        "modified_by": null,
        "metadata": "{}",
        "configuration": null,
        "stream": 1,
        "series": null,
        "sources": "[\"https://wsedvr.openmultimedia.biz/live/espanol.stream_1080p/playlist.m3u8?DVR&wowzadvrplayliststart=20181010205057&wowzadvrplaylistduration=103371\"]",
        "start": "2018-10-10T20:50:57.166Z",
        "end": "2018-10-10T20:52:40.536Z",
        "file": "videos/2158/source.mp4",
        "images": "[]",
        "duration": "00:01:45.122000",
        "width": 1920,
        "height": 1080
    }
},
{
    "model": "dvr.video",
    "pk": 2159,
    "fields": {
        "status": "SUCCESS",
        "progress": 1.0,
        "result": "{\"finished\": \"2018-10-10T20:59:45.901636+00:00\"}",
        "created_at": "2018-10-10T20:59:00.664Z",
        "created_by": null,
        "modified_at": "2018-10-10T20:59:00.665Z",
        "modified_by": null,
        "metadata": "{}",
        "configuration": null,
        "stream": 1,
        "series": null,
        "sources": "[\"https://wsedvr.openmultimedia.biz/live/espanol.stream_1080p/playlist.m3u8?DVR&wowzadvrplayliststart=20181010204740&wowzadvrplaylistduration=78897\"]",
        "start": "2018-10-10T20:47:40.358Z",
        "end": "2018-10-10T20:48:59.255Z",
        "file": "videos/2159/source.mp4",
        "images": "[]",
        "duration": "00:01:20.095000",
        "width": 1920,
        "height": 1080
    }
},
{
    "model": "dvr.video",
    "pk": 2161,
    "fields": {
        "status": "SUCCESS",
        "progress": 1.0,
        "result": "{\"finished\": \"2018-10-10T21:20:52.448441+00:00\"}",
        "created_at": "2018-10-10T21:11:46.814Z",
        "created_by": null,
        "modified_at": "2018-10-10T21:11:46.815Z",
        "modified_by": null,
        "metadata": "{}",
        "configuration": null,
        "stream": 1,
        "series": null,
        "sources": "[\"https://wsedvr.openmultimedia.biz/live/espanol.stream_1080p/playlist.m3u8?DVR&wowzadvrplayliststart=20181010203034&wowzadvrplaylistduration=521115\", \"https://wsedvr.openmultimedia.biz/live/espanol.stream_1080p/playlist.m3u8?DVR&wowzadvrplayliststart=20181010204025&wowzadvrplaylistduration=972375\"]",
        "start": "2018-10-10T20:30:34.287Z",
        "end": "2018-10-10T20:56:38.324Z",
        "file": "videos/2161/source.mp4",
        "images": "[]",
        "duration": "00:24:56.533000",
        "width": 1920,
        "height": 1080
    }
},
{
    "model": "dvr.video",
    "pk": 2162,
    "fields": {
        "status": "SUCCESS",
        "progress": 1.0,
        "result": "{\"finished\": \"2018-10-11T02:32:31.981230+00:00\"}",
        "created_at": "2018-10-11T02:17:35.865Z",
        "created_by": null,
        "modified_at": "2018-10-11T02:23:24.687Z",
        "modified_by": null,
        "metadata": "{}",
        "configuration": null,
        "stream": 2,
        "series": null,
        "sources": "[\"https://wsedvr.openmultimedia.biz/live/english.stream_1080p/playlist.m3u8?DVR&wowzadvrplayliststart=20181010203320&wowzadvrplaylistduration=524930\", \"https://wsedvr.openmultimedia.biz/live/english.stream_1080p/playlist.m3u8?DVR&wowzadvrplayliststart=20181010204325&wowzadvrplaylistduration=539734\", \"https://wsedvr.openmultimedia.biz/live/english.stream_1080p/playlist.m3u8?DVR&wowzadvrplayliststart=20181010205352&wowzadvrplaylistduration=209864\"]",
        "start": "2018-10-10T20:33:20.880Z",
        "end": "2018-10-10T20:57:22.460Z",
        "file": "videos/2162/source.mp4",
        "images": "[]",
        "duration": "00:21:32.893000",
        "width": 1920,
        "height": 1080
    }
},
{
    "model": "dvr.video",
    "pk": 2163,
    "fields": {
        "status": "SUCCESS",
        "progress": 1.0,
        "result": "{\"finished\": \"2018-10-11T02:28:17.923183+00:00\"}",
        "created_at": "2018-10-11T02:19:46.607Z",
        "created_by": null,
        "modified_at": "2018-10-11T02:19:46.609Z",
        "modified_by": null,
        "metadata": "{}",
        "configuration": null,
        "stream": 2,
        "series": null,
        "sources": "[\"https://wsedvr.openmultimedia.biz/live/english.stream_1080p/playlist.m3u8?DVR&wowzadvrplayliststart=20181010223038&wowzadvrplaylistduration=521956\", \"https://wsedvr.openmultimedia.biz/live/english.stream_1080p/playlist.m3u8?DVR&wowzadvrplayliststart=20181010224036&wowzadvrplaylistduration=601058\", \"https://wsedvr.openmultimedia.biz/live/english.stream_1080p/playlist.m3u8?DVR&wowzadvrplayliststart=20181010225152&wowzadvrplaylistduration=379024\"]",
        "start": "2018-10-10T22:30:38.266Z",
        "end": "2018-10-10T22:58:11.296Z",
        "file": "videos/2163/source.mp4",
        "images": "[]",
        "duration": "00:25:09.942000",
        "width": 1920,
        "height": 1080
    }
},
{
    "model": "dvr.video",
    "pk": 2164,
    "fields": {
        "status": "SUCCESS",
        "progress": 1.0,
        "result": "{\"finished\": \"2018-10-11T02:36:06.348463+00:00\"}",
        "created_at": "2018-10-11T02:21:16.890Z",
        "created_by": null,
        "modified_at": "2018-10-11T02:21:16.891Z",
        "modified_by": null,
        "metadata": "{}",
        "configuration": null,
        "stream": 2,
        "series": null,
        "sources": "[\"https://wsedvr.openmultimedia.biz/live/english.stream_1080p/playlist.m3u8?DVR&wowzadvrplayliststart=20181011000258&wowzadvrplaylistduration=1398302\"]",
        "start": "2018-10-11T00:02:58.320Z",
        "end": "2018-10-11T00:26:16.622Z",
        "file": "videos/2164/source.mp4",
        "images": "[]",
        "duration": "00:23:21.536000",
        "width": 1920,
        "height": 1080
    }
},
{
    "model": "dvr.video",
    "pk": 2165,
    "fields": {
        "status": "SUCCESS",
        "progress": 1.0,
        "result": "{\"finished\": \"2018-10-11T02:33:09.671471+00:00\"}",
        "created_at": "2018-10-11T02:23:14.015Z",
        "created_by": null,
        "modified_at": "2018-10-11T02:23:14.016Z",
        "modified_by": null,
        "metadata": "{}",
        "configuration": null,
        "stream": 2,
        "series": null,
        "sources": "[\"https://wsedvr.openmultimedia.biz/live/english.stream_1080p/playlist.m3u8?DVR&wowzadvrplayliststart=20181011003053&wowzadvrplaylistduration=528559\", \"https://wsedvr.openmultimedia.biz/live/english.stream_1080p/playlist.m3u8?DVR&wowzadvrplayliststart=20181011004059&wowzadvrplaylistduration=631155\", \"https://wsedvr.openmultimedia.biz/live/english.stream_1080p/playlist.m3u8?DVR&wowzadvrplayliststart=20181011005238&wowzadvrplaylistduration=321938\"]",
        "start": "2018-10-11T00:30:53.093Z",
        "end": "2018-10-11T00:58:00.585Z",
        "file": "videos/2165/source.mp4",
        "images": "[]",
        "duration": "00:25:01.687000",
        "width": 1920,
        "height": 1080
    }
},
{
    "model": "dvr.video",
    "pk": 2166,
    "fields": {
        "status": "SUCCESS",
        "progress": 1.0,
        "result": "{\"finished\": \"2018-10-11T03:16:44.444778+00:00\"}",
        "created_at": "2018-10-11T03:09:46.518Z",
        "created_by": null,
        "modified_at": "2018-10-11T03:09:46.520Z",
        "modified_by": null,
        "metadata": "{}",
        "configuration": null,
        "stream": 1,
        "series": null,
        "sources": "[\"https://wsedvr.openmultimedia.biz/live/espanol.stream_1080p/playlist.m3u8?DVR&wowzadvrplayliststart=20181011020034&wowzadvrplaylistduration=587073\", \"https://wsedvr.openmultimedia.biz/live/espanol.stream_1080p/playlist.m3u8?DVR&wowzadvrplayliststart=20181011021152&wowzadvrplaylistduration=416863\", \"https://wsedvr.openmultimedia.biz/live/espanol.stream_1080p/playlist.m3u8?DVR&wowzadvrplayliststart=20181011022022&wowzadvrplaylistduration=496997\"]",
        "start": "2018-10-11T02:00:34.636Z",
        "end": "2018-10-11T02:28:39.601Z",
        "file": "videos/2166/source.mp4",
        "images": "[]",
        "duration": "00:25:03.964000",
        "width": 1920,
        "height": 1080
    }
}
]
